id,name,email,created_at,updated_at
4,hjhjhjk,nbjhgj,2015-01-21 21:05:18 UTC,2015-01-21 21:05:18 UTC
5,sdfasdfasdfadsf,sdfsdafsadfaedf,2015-01-23 15:13:42 UTC,2015-01-23 15:13:42 UTC
6,tefgsghbdghtrg,rtgrtshjm svfd,2015-01-23 15:28:48 UTC,2015-01-23 15:28:48 UTC
3,jhjhgrtyygh,ghgh,2015-01-21 21:04:30 UTC,2015-01-26 04:05:44 UTC
7,from curl,curl@gmail.com,2015-02-02 15:48:51 UTC,2015-02-02 15:48:51 UTC
8,from curl1,curl1@gmail.com,2015-02-02 15:55:35 UTC,2015-02-02 15:55:35 UTC
9,from curl2,curl2@gmail.com,2015-02-02 15:56:32 UTC,2015-02-02 15:56:32 UTC
10,from curl3,curl3@gmail.com,2015-02-02 15:57:46 UTC,2015-02-02 15:57:46 UTC
11,testrorapp10,test10@gmail.com,2015-02-04 15:14:59 UTC,2015-02-04 15:14:59 UTC
12,testrorapp11,test11@gmail.com,2015-02-04 15:15:54 UTC,2015-02-04 15:15:54 UTC
13,testrorapp12,test12@gmail.com,2015-02-04 15:18:06 UTC,2015-02-04 15:18:06 UTC
14,testrorapp13,test13@gmail.com,2015-02-04 15:18:49 UTC,2015-02-04 15:18:49 UTC
17,testrorapp20,test20@gmail.com,2015-02-04 15:29:26 UTC,2015-02-04 15:29:26 UTC
